{
  "name": "ble",
  "version": "0.4.8",
  "description": "The BLE module offers a high level abstraction for using Bluetooth Low Energy on multiple platforms.",
  "keywords": [
    "Bluetooth",
    "BLE"
  ],
  "author": "Rohit Grover",
  "repository": {
    "url": "git@github.com:ARMmbed/ble.git",
    "type": "git"
  },
  "homepage": "http://mbed.org/ble",
  "licenses": [
    {
      "url": "https://spdx.org/licenses/Apache-2.0",
      "type": "Apache-2.0"
    }
  ],
  "dependencies": {},
  "targetDependencies": {
    "nrf51822": {
      "ble-nrf51822": "~0.4.7"
    },
    "mbed-classic": {
      "mbed-classic": "~0.0.1"
    },
    "mbed-os": {
      "mbed-drivers": "*"
    }
  }
}